,date,^GSPC,DGS10
0,2020-01-02,3257.85009765625,1.88
1,2020-01-03,3234.85009765625,1.8
2,2020-01-06,3246.280029296875,1.81
3,2020-01-07,3237.179931640625,1.83
4,2020-01-08,3253.050048828125,1.87
5,2020-01-09,3274.699951171875,1.85
6,2020-01-10,3265.35009765625,1.83
7,2020-01-13,3288.1298828125,1.85
8,2020-01-14,3283.14990234375,1.82
9,2020-01-15,3289.2900390625,1.79
10,2020-01-16,3316.81005859375,1.81
11,2020-01-17,3329.6201171875,1.84
12,2020-01-21,3320.7900390625,1.78
13,2020-01-22,3321.75,1.77
14,2020-01-23,3325.5400390625,1.74
15,2020-01-24,3295.469970703125,1.7
16,2020-01-27,3243.6298828125,1.61
17,2020-01-28,3276.239990234375,1.65
18,2020-01-29,3273.39990234375,1.6
19,2020-01-30,3283.659912109375,1.57
20,2020-01-31,3225.52001953125,1.51
21,2020-02-03,3248.919921875,1.54
22,2020-02-04,3297.590087890625,1.61
23,2020-02-05,3334.68994140625,1.66
24,2020-02-06,3345.780029296875,1.65
25,2020-02-07,3327.7099609375,1.59
26,2020-02-10,3352.090087890625,1.56
27,2020-02-11,3357.75,1.59
28,2020-02-12,3379.449951171875,1.62
29,2020-02-13,3373.93994140625,1.61
30,2020-02-14,3380.159912109375,1.59
31,2020-02-18,3370.2900390625,1.55
32,2020-02-19,3386.14990234375,1.56
33,2020-02-20,3373.22998046875,1.52
34,2020-02-21,3337.75,1.46
35,2020-02-24,3225.889892578125,1.38
36,2020-02-25,3128.2099609375,1.33
37,2020-02-26,3116.389892578125,1.33
38,2020-02-27,2978.760009765625,1.3
39,2020-02-28,2954.219970703125,1.13
40,2020-03-02,3090.22998046875,1.1
41,2020-03-03,3003.3701171875,1.02
42,2020-03-04,3130.1201171875,1.02
43,2020-03-05,3023.93994140625,0.92
44,2020-03-06,2972.3701171875,0.74
45,2020-03-09,2746.56005859375,0.54
46,2020-03-10,2882.22998046875,0.76
47,2020-03-11,2741.3798828125,0.82
48,2020-03-12,2480.639892578125,0.88
49,2020-03-13,2711.02001953125,0.94
50,2020-03-16,2386.1298828125,0.73
51,2020-03-17,2529.18994140625,1.02
52,2020-03-18,2398.10009765625,1.18
53,2020-03-19,2409.389892578125,1.12
54,2020-03-20,2304.919921875,0.92
55,2020-03-23,2237.39990234375,0.76
56,2020-03-24,2447.330078125,0.84
57,2020-03-25,2475.56005859375,0.88
58,2020-03-26,2630.070068359375,0.83
59,2020-03-27,2541.469970703125,0.72
60,2020-03-30,2626.64990234375,0.7
61,2020-03-31,2584.590087890625,0.7
62,2020-04-01,2470.5,0.62
63,2020-04-02,2526.89990234375,0.63
64,2020-04-03,2488.64990234375,0.62
65,2020-04-06,2663.679931640625,0.67
66,2020-04-07,2659.409912109375,0.75
67,2020-04-08,2749.97998046875,0.77
68,2020-04-09,2789.820068359375,0.73
69,2020-04-13,2761.6298828125,0.76
70,2020-04-14,2846.06005859375,0.76
71,2020-04-15,2783.360107421875,0.63
72,2020-04-16,2799.550048828125,0.61
73,2020-04-17,2874.56005859375,0.65
74,2020-04-20,2823.159912109375,0.63
75,2020-04-21,2736.56005859375,0.58
76,2020-04-22,2799.31005859375,0.63
77,2020-04-23,2797.800048828125,0.61
78,2020-04-24,2836.739990234375,0.6
79,2020-04-27,2878.47998046875,0.67
80,2020-04-28,2863.389892578125,0.62
81,2020-04-29,2939.510009765625,0.63
82,2020-04-30,2912.429931640625,0.64
83,2020-05-01,2830.7099609375,0.64
84,2020-05-04,2842.739990234375,0.64
85,2020-05-05,2868.43994140625,0.66
86,2020-05-06,2848.419921875,0.72
87,2020-05-07,2881.18994140625,0.63
88,2020-05-08,2929.800048828125,0.69
89,2020-05-11,2930.18994140625,0.73
90,2020-05-12,2870.1201171875,0.69
91,2020-05-13,2820.0,0.64
92,2020-05-14,2852.5,0.63
93,2020-05-15,2863.699951171875,0.64
94,2020-05-18,2953.909912109375,0.73
95,2020-05-19,2922.93994140625,0.7
96,2020-05-20,2971.610107421875,0.68
97,2020-05-21,2948.510009765625,0.68
98,2020-05-22,2955.449951171875,0.66
99,2020-05-26,2991.77001953125,0.69
100,2020-05-27,3036.1298828125,0.68
101,2020-05-28,3029.72998046875,0.7
102,2020-05-29,3044.31005859375,0.65
103,2020-06-01,3055.72998046875,0.66
104,2020-06-02,3080.820068359375,0.68
105,2020-06-03,3122.8701171875,0.77
106,2020-06-04,3112.35009765625,0.82
107,2020-06-05,3193.929931640625,0.91
108,2020-06-08,3232.389892578125,0.88
109,2020-06-09,3207.179931640625,0.84
110,2020-06-10,3190.139892578125,0.75
111,2020-06-11,3002.10009765625,0.66
112,2020-06-12,3041.31005859375,0.71
113,2020-06-15,3066.590087890625,0.71
114,2020-06-16,3124.739990234375,0.75
115,2020-06-17,3113.489990234375,0.74
116,2020-06-18,3115.340087890625,0.71
117,2020-06-19,3097.739990234375,0.7
118,2020-06-22,3117.860107421875,0.71
119,2020-06-23,3131.2900390625,0.72
120,2020-06-24,3050.330078125,0.69
121,2020-06-25,3083.760009765625,0.68
122,2020-06-26,3009.050048828125,0.64
123,2020-06-29,3053.239990234375,0.64
124,2020-06-30,3100.2900390625,0.66
125,2020-07-01,3115.860107421875,0.69
126,2020-07-02,3130.010009765625,0.68
127,2020-07-06,3179.719970703125,0.69
128,2020-07-07,3145.320068359375,0.65
129,2020-07-08,3169.93994140625,0.67
130,2020-07-09,3152.050048828125,0.62
131,2020-07-10,3185.0400390625,0.65
132,2020-07-13,3155.219970703125,0.64
133,2020-07-14,3197.52001953125,0.63
134,2020-07-15,3226.56005859375,0.64
135,2020-07-16,3215.570068359375,0.62
136,2020-07-17,3224.72998046875,0.64
137,2020-07-20,3251.840087890625,0.62
138,2020-07-21,3257.300048828125,0.61
139,2020-07-22,3276.02001953125,0.6
140,2020-07-23,3235.659912109375,0.59
141,2020-07-24,3215.6298828125,0.59
142,2020-07-27,3239.409912109375,0.62
143,2020-07-28,3218.43994140625,0.59
144,2020-07-29,3258.43994140625,0.58
145,2020-07-30,3246.219970703125,0.55
146,2020-07-31,3271.1201171875,0.55
147,2020-08-03,3294.610107421875,0.56
148,2020-08-04,3306.510009765625,0.52
149,2020-08-05,3327.77001953125,0.55
150,2020-08-06,3349.159912109375,0.55
151,2020-08-07,3351.280029296875,0.57
152,2020-08-10,3360.469970703125,0.59
153,2020-08-11,3333.68994140625,0.64
154,2020-08-12,3380.35009765625,0.69
155,2020-08-13,3373.429931640625,0.71
156,2020-08-14,3372.85009765625,0.71
157,2020-08-17,3381.989990234375,0.69
158,2020-08-18,3389.780029296875,0.67
159,2020-08-19,3374.85009765625,0.68
160,2020-08-20,3385.510009765625,0.65
161,2020-08-21,3397.159912109375,0.64
162,2020-08-24,3431.280029296875,0.65
163,2020-08-25,3443.6201171875,0.69
164,2020-08-26,3478.72998046875,0.69
165,2020-08-27,3484.550048828125,0.74
166,2020-08-28,3508.010009765625,0.74
167,2020-08-31,3500.31005859375,0.72
168,2020-09-01,3526.64990234375,0.68
169,2020-09-02,3580.840087890625,0.66
170,2020-09-03,3455.06005859375,0.63
171,2020-09-04,3426.9599609375,0.72
172,2020-09-08,3331.840087890625,0.69
173,2020-09-09,3398.9599609375,0.71
174,2020-09-10,3339.18994140625,0.68
175,2020-09-11,3340.969970703125,0.67
176,2020-09-14,3383.5400390625,0.68
177,2020-09-15,3401.199951171875,0.68
178,2020-09-16,3385.489990234375,0.69
179,2020-09-17,3357.010009765625,0.69
180,2020-09-18,3319.469970703125,0.7
181,2020-09-21,3281.06005859375,0.68
182,2020-09-22,3315.570068359375,0.68
183,2020-09-23,3236.919921875,0.68
184,2020-09-24,3246.590087890625,0.67
185,2020-09-25,3298.4599609375,0.66
186,2020-09-28,3351.60009765625,0.67
187,2020-09-29,3335.469970703125,0.66
188,2020-09-30,3363.0,0.69
189,2020-10-01,3380.800048828125,0.68
190,2020-10-02,3348.419921875,0.7
191,2020-10-05,3408.60009765625,0.78
192,2020-10-06,3360.969970703125,0.76
193,2020-10-07,3419.43994140625,0.81
194,2020-10-08,3446.830078125,0.78
195,2020-10-09,3477.139892578125,0.79
196,2020-10-12,3534.219970703125,
197,2020-10-13,3511.929931640625,0.74
198,2020-10-14,3488.669921875,0.73
199,2020-10-15,3483.340087890625,0.74
200,2020-10-16,3483.81005859375,0.76
201,2020-10-19,3426.919921875,0.78
202,2020-10-20,3443.1201171875,0.81
203,2020-10-21,3435.56005859375,0.83
204,2020-10-22,3453.489990234375,0.87
205,2020-10-23,3465.389892578125,0.85
206,2020-10-26,3400.969970703125,0.81
207,2020-10-27,3390.679931640625,0.79
208,2020-10-28,3271.030029296875,0.79
209,2020-10-29,3310.110107421875,0.85
210,2020-10-30,3269.9599609375,0.88
211,2020-11-02,3310.239990234375,0.87
212,2020-11-03,3369.159912109375,0.9
213,2020-11-04,3443.43994140625,0.78
214,2020-11-05,3510.449951171875,0.79
215,2020-11-06,3509.43994140625,0.83
216,2020-11-09,3550.5,0.96
217,2020-11-10,3545.530029296875,0.98
218,2020-11-11,3572.659912109375,
219,2020-11-12,3537.010009765625,0.88
220,2020-11-13,3585.14990234375,0.89
221,2020-11-16,3626.909912109375,0.91
222,2020-11-17,3609.530029296875,0.87
223,2020-11-18,3567.7900390625,0.88
224,2020-11-19,3581.8701171875,0.86
225,2020-11-20,3557.5400390625,0.83
226,2020-11-23,3577.590087890625,0.86
227,2020-11-24,3635.409912109375,0.88
228,2020-11-25,3629.64990234375,0.88
229,2020-11-27,3638.35009765625,0.84
230,2020-11-30,3621.6298828125,0.84
231,2020-12-01,3662.449951171875,0.92
232,2020-12-02,3669.010009765625,0.95
233,2020-12-03,3666.719970703125,0.92
234,2020-12-04,3699.1201171875,0.97
235,2020-12-07,3691.9599609375,0.94
236,2020-12-08,3702.25,0.92
237,2020-12-09,3672.820068359375,0.95
238,2020-12-10,3668.10009765625,0.92
239,2020-12-11,3663.4599609375,0.9
240,2020-12-14,3647.489990234375,0.9
241,2020-12-15,3694.6201171875,0.92
242,2020-12-16,3701.169921875,0.92
243,2020-12-17,3722.47998046875,0.94
244,2020-12-18,3709.409912109375,0.95
245,2020-12-21,3694.919921875,0.95
246,2020-12-22,3687.260009765625,0.93
247,2020-12-23,3690.010009765625,0.96
248,2020-12-24,3703.06005859375,0.94
249,2020-12-28,3735.360107421875,0.94
250,2020-12-29,3727.0400390625,0.94
251,2020-12-30,3732.0400390625,0.93
252,2020-12-31,3756.070068359375,0.93
253,2021-01-04,3700.64990234375,0.93
254,2021-01-05,3726.860107421875,0.96
255,2021-01-06,3748.139892578125,1.04
256,2021-01-07,3803.7900390625,1.08
257,2021-01-08,3824.679931640625,1.13
258,2021-01-11,3799.610107421875,1.15
259,2021-01-12,3801.18994140625,1.15
260,2021-01-13,3809.840087890625,1.1
261,2021-01-14,3795.5400390625,1.15
262,2021-01-15,3768.25,1.11
263,2021-01-19,3798.909912109375,1.1
264,2021-01-20,3851.85009765625,1.1
265,2021-01-21,3853.070068359375,1.12
266,2021-01-22,3841.469970703125,1.1
267,2021-01-25,3855.360107421875,1.05
268,2021-01-26,3849.6201171875,1.05
269,2021-01-27,3750.77001953125,1.04
270,2021-01-28,3787.3798828125,1.07
271,2021-01-29,3714.239990234375,1.11
272,2021-02-01,3773.860107421875,1.09
273,2021-02-02,3826.31005859375,1.12
274,2021-02-03,3830.169921875,1.15
275,2021-02-04,3871.739990234375,1.15
276,2021-02-05,3886.830078125,1.19
277,2021-02-08,3915.590087890625,1.19
278,2021-02-09,3911.22998046875,1.18
279,2021-02-10,3909.8798828125,1.15
280,2021-02-11,3916.3798828125,1.16
281,2021-02-12,3934.830078125,1.2
282,2021-02-16,3932.590087890625,1.3
283,2021-02-17,3931.330078125,1.29
284,2021-02-18,3913.969970703125,1.29
285,2021-02-19,3906.7099609375,1.34
286,2021-02-22,3876.5,1.37
287,2021-02-23,3881.3701171875,1.37
288,2021-02-24,3925.429931640625,1.38
289,2021-02-25,3829.340087890625,1.54
290,2021-02-26,3811.14990234375,1.44
291,2021-03-01,3901.820068359375,1.45
292,2021-03-02,3870.2900390625,1.42
293,2021-03-03,3819.719970703125,1.47
294,2021-03-04,3768.469970703125,1.54
295,2021-03-05,3841.93994140625,1.56
296,2021-03-08,3821.35009765625,1.59
297,2021-03-09,3875.43994140625,1.55
298,2021-03-10,3898.81005859375,1.53
299,2021-03-11,3939.340087890625,1.54
300,2021-03-12,3943.340087890625,1.64
301,2021-03-15,3968.93994140625,1.62
302,2021-03-16,3962.7099609375,1.62
303,2021-03-17,3974.1201171875,1.63
304,2021-03-18,3915.4599609375,1.71
305,2021-03-19,3913.10009765625,1.74
306,2021-03-22,3940.590087890625,1.69
307,2021-03-23,3910.52001953125,1.63
308,2021-03-24,3889.139892578125,1.62
309,2021-03-25,3909.52001953125,1.63
310,2021-03-26,3974.5400390625,1.67
311,2021-03-29,3971.090087890625,1.73
312,2021-03-30,3958.550048828125,1.73
313,2021-03-31,3972.889892578125,1.74
314,2021-04-01,4019.8701171875,1.69
315,2021-04-05,4077.909912109375,1.73
316,2021-04-06,4073.93994140625,1.67
317,2021-04-07,4079.949951171875,1.68
318,2021-04-08,4097.169921875,1.64
319,2021-04-09,4128.7998046875,1.67
320,2021-04-12,4127.990234375,1.69
321,2021-04-13,4141.58984375,1.64
322,2021-04-14,4124.66015625,1.64
323,2021-04-15,4170.419921875,1.56
324,2021-04-16,4185.47021484375,1.59
325,2021-04-19,4163.259765625,1.61
326,2021-04-20,4134.93994140625,1.58
327,2021-04-21,4173.419921875,1.57
328,2021-04-22,4134.97998046875,1.57
329,2021-04-23,4180.169921875,1.58
330,2021-04-26,4187.6201171875,1.58
331,2021-04-27,4186.72021484375,1.63
332,2021-04-28,4183.18017578125,1.63
333,2021-04-29,4211.47021484375,1.65
334,2021-04-30,4181.169921875,1.65
335,2021-05-03,4192.66015625,1.63
336,2021-05-04,4164.66015625,1.61
337,2021-05-05,4167.58984375,1.59
338,2021-05-06,4201.6201171875,1.58
339,2021-05-07,4232.60009765625,1.6
340,2021-05-10,4188.43017578125,1.63
341,2021-05-11,4152.10009765625,1.64
342,2021-05-12,4063.0400390625,1.69
343,2021-05-13,4112.5,1.66
344,2021-05-14,4173.85009765625,1.63
345,2021-05-17,4163.2900390625,1.64
346,2021-05-18,4127.830078125,1.64
347,2021-05-19,4115.68017578125,1.68
348,2021-05-20,4159.1201171875,1.63
349,2021-05-21,4155.85986328125,1.63
350,2021-05-24,4197.0498046875,1.61
351,2021-05-25,4188.1298828125,1.56
352,2021-05-26,4195.990234375,1.58
353,2021-05-27,4200.8798828125,1.61
354,2021-05-28,4204.10986328125,1.58
355,2021-06-01,4202.0400390625,1.62
356,2021-06-02,4208.1201171875,1.59
357,2021-06-03,4192.85009765625,1.63
358,2021-06-04,4229.89013671875,1.56
359,2021-06-07,4226.52001953125,1.57
360,2021-06-08,4227.259765625,1.53
361,2021-06-09,4219.5498046875,1.5
362,2021-06-10,4239.18017578125,1.45
363,2021-06-11,4247.43994140625,1.47
364,2021-06-14,4255.14990234375,1.51
365,2021-06-15,4246.58984375,1.51
366,2021-06-16,4223.7001953125,1.57
367,2021-06-17,4221.85986328125,1.52
368,2021-06-18,4166.4501953125,1.45
369,2021-06-21,4224.7900390625,1.5
370,2021-06-22,4246.43994140625,1.48
371,2021-06-23,4241.83984375,1.5
372,2021-06-24,4266.490234375,1.49
373,2021-06-25,4280.7001953125,1.54
374,2021-06-28,4290.60986328125,1.49
375,2021-06-29,4291.7998046875,1.49
376,2021-06-30,4297.5,1.45
377,2021-07-01,4319.93994140625,1.48
378,2021-07-02,4352.33984375,1.44
379,2021-07-06,4343.5400390625,1.37
380,2021-07-07,4358.1298828125,1.33
381,2021-07-08,4320.81982421875,1.3
382,2021-07-09,4369.5498046875,1.37
383,2021-07-12,4384.6298828125,1.38
384,2021-07-13,4369.2099609375,1.42
385,2021-07-14,4374.2998046875,1.37
386,2021-07-15,4360.02978515625,1.31
387,2021-07-16,4327.16015625,1.31
388,2021-07-19,4258.490234375,1.19
389,2021-07-20,4323.06005859375,1.23
390,2021-07-21,4358.68994140625,1.3
391,2021-07-22,4367.47998046875,1.27
392,2021-07-23,4411.7900390625,1.3
393,2021-07-26,4422.2998046875,1.29
394,2021-07-27,4401.4599609375,1.25
395,2021-07-28,4400.64013671875,1.26
396,2021-07-29,4419.14990234375,1.28
397,2021-07-30,4395.259765625,1.24
398,2021-08-02,4387.16015625,1.2
399,2021-08-03,4423.14990234375,1.19
400,2021-08-04,4402.66015625,1.19
401,2021-08-05,4429.10009765625,1.23
402,2021-08-06,4436.52001953125,1.31
403,2021-08-09,4432.35009765625,1.33
404,2021-08-10,4436.75,1.36
405,2021-08-11,4442.41015625,1.35
406,2021-08-12,4460.830078125,1.36
407,2021-08-13,4468.0,1.29
408,2021-08-16,4479.7099609375,1.26
409,2021-08-17,4448.080078125,1.26
410,2021-08-18,4400.27001953125,1.27
411,2021-08-19,4405.7998046875,1.24
412,2021-08-20,4441.669921875,1.26
413,2021-08-23,4479.52978515625,1.25
414,2021-08-24,4486.22998046875,1.29
415,2021-08-25,4496.18994140625,1.35
416,2021-08-26,4470.0,1.34
417,2021-08-27,4509.3701171875,1.31
418,2021-08-30,4528.7900390625,1.29
419,2021-08-31,4522.68017578125,1.3
420,2021-09-01,4524.08984375,1.31
421,2021-09-02,4536.9501953125,1.29
422,2021-09-03,4535.43017578125,1.33
423,2021-09-07,4520.02978515625,1.38
424,2021-09-08,4514.06982421875,1.35
425,2021-09-09,4493.27978515625,1.3
426,2021-09-10,4458.580078125,1.35
427,2021-09-13,4468.72998046875,1.33
428,2021-09-14,4443.0498046875,1.28
429,2021-09-15,4480.7001953125,1.31
430,2021-09-16,4473.75,1.34
431,2021-09-17,4432.990234375,1.37
432,2021-09-20,4357.72998046875,1.31
433,2021-09-21,4354.18994140625,1.33
434,2021-09-22,4395.64013671875,1.32
435,2021-09-23,4448.97998046875,1.41
436,2021-09-24,4455.47998046875,1.47
437,2021-09-27,4443.10986328125,1.48
438,2021-09-28,4352.6298828125,1.54
439,2021-09-29,4359.4599609375,1.55
440,2021-09-30,4307.5400390625,1.52
441,2021-10-01,4357.0400390625,1.48
442,2021-10-04,4300.4599609375,1.49
443,2021-10-05,4345.72021484375,1.54
444,2021-10-06,4363.5498046875,1.53
445,2021-10-07,4399.759765625,1.58
446,2021-10-08,4391.33984375,1.61
447,2021-10-11,4361.18994140625,
448,2021-10-12,4350.64990234375,1.59
449,2021-10-13,4363.7998046875,1.56
450,2021-10-14,4438.259765625,1.52
451,2021-10-15,4471.3701171875,1.59
452,2021-10-18,4486.4599609375,1.59
453,2021-10-19,4519.6298828125,1.65
454,2021-10-20,4536.18994140625,1.65
455,2021-10-21,4549.77978515625,1.68
456,2021-10-22,4544.89990234375,1.66
457,2021-10-25,4566.47998046875,1.64
458,2021-10-26,4574.7900390625,1.63
459,2021-10-27,4551.68017578125,1.54
460,2021-10-28,4596.419921875,1.57
461,2021-10-29,4605.3798828125,1.55
462,2021-11-01,4613.669921875,1.58
463,2021-11-02,4630.64990234375,1.56
464,2021-11-03,4660.56982421875,1.6
465,2021-11-04,4680.06005859375,1.53
466,2021-11-05,4697.52978515625,1.45
467,2021-11-08,4701.7001953125,1.51
468,2021-11-09,4685.25,1.46
469,2021-11-10,4646.7099609375,1.56
470,2021-11-11,4649.27001953125,
471,2021-11-12,4682.85009765625,1.58
472,2021-11-15,4682.7998046875,1.63
473,2021-11-16,4700.89990234375,1.63
474,2021-11-17,4688.669921875,1.6
475,2021-11-18,4704.5400390625,1.59
476,2021-11-19,4697.9599609375,1.54
477,2021-11-22,4682.93994140625,1.63
478,2021-11-23,4690.7001953125,1.67
479,2021-11-24,4701.4599609375,1.64
480,2021-11-26,4594.6201171875,1.48
481,2021-11-29,4655.27001953125,1.52
482,2021-11-30,4567.0,1.43
483,2021-12-01,4513.0400390625,1.43
484,2021-12-02,4577.10009765625,1.44
485,2021-12-03,4538.43017578125,1.35
486,2021-12-06,4591.669921875,1.43
487,2021-12-07,4686.75,1.48
488,2021-12-08,4701.2099609375,1.52
489,2021-12-09,4667.4501953125,1.49
490,2021-12-10,4712.02001953125,1.48
491,2021-12-13,4668.97021484375,1.42
492,2021-12-14,4634.08984375,1.44
493,2021-12-15,4709.85009765625,1.47
494,2021-12-16,4668.669921875,1.44
495,2021-12-17,4620.64013671875,1.41
496,2021-12-20,4568.02001953125,1.43
497,2021-12-21,4649.22998046875,1.48
498,2021-12-22,4696.56005859375,1.46
499,2021-12-23,4725.7900390625,1.5
500,2021-12-27,4791.18994140625,1.48
501,2021-12-28,4786.35009765625,1.49
502,2021-12-29,4793.06005859375,1.55
503,2021-12-30,4778.72998046875,1.52
504,2021-12-31,4766.18017578125,1.52
505,2022-01-03,4796.56005859375,1.63
506,2022-01-04,4793.5400390625,1.66
507,2022-01-05,4700.580078125,1.71
508,2022-01-06,4696.0498046875,1.73
509,2022-01-07,4677.02978515625,1.76
510,2022-01-10,4670.2900390625,1.78
511,2022-01-11,4713.06982421875,1.75
512,2022-01-12,4726.35009765625,1.74
513,2022-01-13,4659.02978515625,1.7
514,2022-01-14,4662.85009765625,1.78
515,2022-01-18,4577.10986328125,1.87
516,2022-01-19,4532.759765625,1.83
517,2022-01-20,4482.72998046875,1.83
518,2022-01-21,4397.93994140625,1.75
519,2022-01-24,4410.1298828125,1.75
520,2022-01-25,4356.4501953125,1.78
521,2022-01-26,4349.93017578125,1.85
522,2022-01-27,4326.509765625,1.81
523,2022-01-28,4431.85009765625,1.78
524,2022-01-31,4515.5498046875,1.79
525,2022-02-01,4546.5400390625,1.81
526,2022-02-02,4589.3798828125,1.78
527,2022-02-03,4477.43994140625,1.82
528,2022-02-04,4500.52978515625,1.93
529,2022-02-07,4483.8701171875,1.92
530,2022-02-08,4521.5400390625,1.96
531,2022-02-09,4587.18017578125,1.94
532,2022-02-10,4504.080078125,2.03
533,2022-02-11,4418.64013671875,1.92
534,2022-02-14,4401.669921875,1.98
535,2022-02-15,4471.06982421875,2.05
536,2022-02-16,4475.009765625,2.03
537,2022-02-17,4380.259765625,1.97
538,2022-02-18,4348.8701171875,1.92
539,2022-02-22,4304.759765625,1.94
540,2022-02-23,4225.5,1.99
541,2022-02-24,4288.7001953125,1.96
542,2022-02-25,4384.64990234375,1.97
543,2022-02-28,4373.93994140625,1.83
544,2022-03-01,4306.259765625,1.72
545,2022-03-02,4386.5400390625,1.86
546,2022-03-03,4363.490234375,1.86
547,2022-03-04,4328.8701171875,1.74
548,2022-03-07,4201.08984375,1.78
549,2022-03-08,4170.7001953125,1.86
550,2022-03-09,4277.8798828125,1.94
551,2022-03-10,4259.52001953125,1.98
552,2022-03-11,4204.31005859375,2.0
553,2022-03-14,4173.10986328125,2.14
554,2022-03-15,4262.4501953125,2.15
555,2022-03-16,4357.85986328125,2.19
556,2022-03-17,4411.669921875,2.2
557,2022-03-18,4463.1201171875,2.14
558,2022-03-21,4461.18017578125,2.32
559,2022-03-22,4511.60986328125,2.38
560,2022-03-23,4456.240234375,2.32
561,2022-03-24,4520.16015625,2.34
562,2022-03-25,4543.06005859375,2.48
563,2022-03-28,4575.52001953125,2.46
564,2022-03-29,4631.60009765625,2.41
565,2022-03-30,4602.4501953125,2.35
566,2022-03-31,4530.41015625,2.32
567,2022-04-01,4545.85986328125,2.39
568,2022-04-04,4582.64013671875,2.42
569,2022-04-05,4525.1201171875,2.54
570,2022-04-06,4481.14990234375,2.61
571,2022-04-07,4500.2099609375,2.66
572,2022-04-08,4488.27978515625,2.72
573,2022-04-11,4412.52978515625,2.79
574,2022-04-12,4397.4501953125,2.72
575,2022-04-13,4446.58984375,2.7
576,2022-04-14,4392.58984375,2.83
577,2022-04-18,4391.68994140625,2.85
578,2022-04-19,4462.2099609375,2.93
579,2022-04-20,4459.4501953125,2.85
580,2022-04-21,4393.66015625,2.9
581,2022-04-22,4271.77978515625,2.9
582,2022-04-25,4296.1201171875,2.81
583,2022-04-26,4175.2001953125,2.77
584,2022-04-27,4183.9599609375,2.82
585,2022-04-28,4287.5,2.85
586,2022-04-29,4131.93017578125,2.89
587,2022-05-02,4155.3798828125,2.99
588,2022-05-03,4175.47998046875,2.97
589,2022-05-04,4300.169921875,2.93
590,2022-05-05,4146.8701171875,3.05
591,2022-05-06,4123.33984375,3.12
592,2022-05-09,3991.239990234375,3.05
593,2022-05-10,4001.050048828125,2.99
594,2022-05-11,3935.179931640625,2.91
595,2022-05-12,3930.080078125,2.84
596,2022-05-13,4023.889892578125,2.93
597,2022-05-16,4008.010009765625,2.88
598,2022-05-17,4088.85009765625,2.98
599,2022-05-18,3923.679931640625,2.89
600,2022-05-19,3900.7900390625,2.84
601,2022-05-20,3901.360107421875,2.78
602,2022-05-23,3973.75,2.86
603,2022-05-24,3941.47998046875,2.76
604,2022-05-25,3978.72998046875,2.75
605,2022-05-26,4057.840087890625,2.75
606,2022-05-27,4158.240234375,2.74
607,2022-05-31,4132.14990234375,2.85
608,2022-06-01,4101.22998046875,2.94
609,2022-06-02,4176.81982421875,2.92
610,2022-06-03,4108.5400390625,2.96
611,2022-06-06,4121.43017578125,3.04
612,2022-06-07,4160.68017578125,2.98
613,2022-06-08,4115.77001953125,3.03
614,2022-06-09,4017.820068359375,3.04
615,2022-06-10,3900.860107421875,3.15
616,2022-06-13,3749.6298828125,3.43
617,2022-06-14,3735.47998046875,3.49
618,2022-06-15,3789.989990234375,3.33
619,2022-06-16,3666.77001953125,3.28
620,2022-06-17,3674.840087890625,3.25
621,2022-06-21,3764.7900390625,3.31
622,2022-06-22,3759.889892578125,3.16
623,2022-06-23,3795.72998046875,3.09
624,2022-06-24,3911.739990234375,3.13
625,2022-06-27,3900.110107421875,3.2
626,2022-06-28,3821.550048828125,3.2
627,2022-06-29,3818.830078125,3.1
628,2022-06-30,3785.3798828125,2.98
629,2022-07-01,3825.330078125,2.88
630,2022-07-05,3831.389892578125,2.82
631,2022-07-06,3845.080078125,2.93
632,2022-07-07,3902.6201171875,3.01
633,2022-07-08,3899.3798828125,3.09
634,2022-07-11,3854.429931640625,2.99
635,2022-07-12,3818.800048828125,2.96
636,2022-07-13,3801.780029296875,2.91
637,2022-07-14,3790.3798828125,2.96
638,2022-07-15,3863.159912109375,2.93
639,2022-07-18,3830.85009765625,2.96
640,2022-07-19,3936.68994140625,3.01
641,2022-07-20,3959.89990234375,3.04
642,2022-07-21,3998.949951171875,2.91
643,2022-07-22,3961.6298828125,2.77
644,2022-07-25,3966.840087890625,2.81
645,2022-07-26,3921.050048828125,2.81
646,2022-07-27,4023.610107421875,2.78
647,2022-07-28,4072.429931640625,2.68
648,2022-07-29,4130.2900390625,2.67
649,2022-08-01,4118.6298828125,2.6
650,2022-08-02,4091.18994140625,2.75
651,2022-08-03,4155.169921875,2.73
652,2022-08-04,4151.93994140625,2.68
653,2022-08-05,4145.18994140625,2.83
654,2022-08-08,4140.06005859375,2.77
655,2022-08-09,4122.47021484375,2.8
656,2022-08-10,4210.240234375,2.78
657,2022-08-11,4207.27001953125,2.87
658,2022-08-12,4280.14990234375,2.84
659,2022-08-15,4297.14013671875,2.79
660,2022-08-16,4305.2001953125,2.82
661,2022-08-17,4274.0400390625,2.89
662,2022-08-18,4283.740234375,2.88
663,2022-08-19,4228.47998046875,2.98
664,2022-08-22,4137.990234375,3.03
665,2022-08-23,4128.72998046875,3.05
666,2022-08-24,4140.77001953125,3.11
667,2022-08-25,4199.1201171875,3.03
668,2022-08-26,4057.659912109375,3.04
669,2022-08-29,4030.610107421875,3.12
670,2022-08-30,3986.159912109375,3.11
671,2022-08-31,3955.0,3.15
672,2022-09-01,3966.85009765625,3.26
673,2022-09-02,3924.260009765625,3.2
674,2022-09-06,3908.18994140625,3.33
675,2022-09-07,3979.8701171875,3.27
676,2022-09-08,4006.179931640625,3.29
677,2022-09-09,4067.360107421875,3.33
678,2022-09-12,4110.41015625,3.37
679,2022-09-13,3932.68994140625,3.42
680,2022-09-14,3946.010009765625,3.41
681,2022-09-15,3901.35009765625,3.45
682,2022-09-16,3873.330078125,3.45
683,2022-09-19,3899.889892578125,3.49
684,2022-09-20,3855.929931640625,3.57
685,2022-09-21,3789.929931640625,3.51
686,2022-09-22,3757.989990234375,3.7
687,2022-09-23,3693.22998046875,3.69
688,2022-09-26,3655.0400390625,3.88
689,2022-09-27,3647.2900390625,3.97
690,2022-09-28,3719.0400390625,3.72
691,2022-09-29,3640.469970703125,3.76
692,2022-09-30,3585.6201171875,3.83
693,2022-10-03,3678.429931640625,3.67
694,2022-10-04,3790.929931640625,3.62
695,2022-10-05,3783.280029296875,3.76
696,2022-10-06,3744.52001953125,3.83
697,2022-10-07,3639.659912109375,3.89
698,2022-10-10,3612.389892578125,
699,2022-10-11,3588.840087890625,3.93
700,2022-10-12,3577.030029296875,3.91
701,2022-10-13,3669.909912109375,3.97
702,2022-10-14,3583.070068359375,4.0
703,2022-10-17,3677.949951171875,4.02
704,2022-10-18,3719.97998046875,4.01
705,2022-10-19,3695.159912109375,4.14
706,2022-10-20,3665.780029296875,4.24
707,2022-10-21,3752.75,4.21
708,2022-10-24,3797.340087890625,4.25
709,2022-10-25,3859.110107421875,4.1
710,2022-10-26,3830.60009765625,4.04
711,2022-10-27,3807.300048828125,3.96
712,2022-10-28,3901.06005859375,4.02
713,2022-10-31,3871.97998046875,4.1
714,2022-11-01,3856.10009765625,4.07
715,2022-11-02,3759.68994140625,4.1
716,2022-11-03,3719.889892578125,4.14
717,2022-11-04,3770.550048828125,4.17
718,2022-11-07,3806.800048828125,4.22
719,2022-11-08,3828.110107421875,4.14
720,2022-11-09,3748.570068359375,4.12
721,2022-11-10,3956.3701171875,3.82
722,2022-11-11,3992.929931640625,
723,2022-11-14,3957.25,3.88
724,2022-11-15,3991.72998046875,3.8
725,2022-11-16,3958.7900390625,3.67
726,2022-11-17,3946.56005859375,3.77
727,2022-11-18,3965.340087890625,3.82
728,2022-11-21,3949.93994140625,3.83
729,2022-11-22,4003.580078125,3.76
730,2022-11-23,4027.260009765625,3.71
731,2022-11-25,4026.1201171875,3.68
732,2022-11-28,3963.93994140625,3.69
733,2022-11-29,3957.6298828125,3.75
734,2022-11-30,4080.110107421875,3.68
735,2022-12-01,4076.570068359375,3.53
736,2022-12-02,4071.699951171875,3.51
737,2022-12-05,3998.840087890625,3.6
738,2022-12-06,3941.260009765625,3.51
739,2022-12-07,3933.919921875,3.42
740,2022-12-08,3963.510009765625,3.48
741,2022-12-09,3934.3798828125,3.57
742,2022-12-12,3990.56005859375,3.61
743,2022-12-13,4019.64990234375,3.51
744,2022-12-14,3995.320068359375,3.49
745,2022-12-15,3895.75,3.44
746,2022-12-16,3852.360107421875,3.48
747,2022-12-19,3817.659912109375,3.57
748,2022-12-20,3821.6201171875,3.69
749,2022-12-21,3878.43994140625,3.68
750,2022-12-22,3822.389892578125,3.67
751,2022-12-23,3844.820068359375,3.75
752,2022-12-27,3829.25,3.84
753,2022-12-28,3783.219970703125,3.88
754,2022-12-29,3849.280029296875,3.83
755,2022-12-30,3839.5,3.88
756,2023-01-03,3824.139892578125,3.79
757,2023-01-04,3852.969970703125,3.69
758,2023-01-05,3808.10009765625,3.71
759,2023-01-06,3895.080078125,3.55
760,2023-01-09,3892.090087890625,3.53
761,2023-01-10,3919.25,3.61
762,2023-01-11,3969.610107421875,3.54
763,2023-01-12,3983.169921875,3.43
764,2023-01-13,3999.090087890625,3.49
765,2023-01-17,3990.969970703125,3.53
766,2023-01-18,3928.860107421875,3.37
767,2023-01-19,3898.85009765625,3.39
768,2023-01-20,3972.610107421875,3.48
769,2023-01-23,4019.81005859375,3.52
770,2023-01-24,4016.949951171875,3.46
771,2023-01-25,4016.219970703125,3.46
772,2023-01-26,4060.429931640625,3.49
773,2023-01-27,4070.56005859375,3.52
774,2023-01-30,4017.77001953125,3.55
775,2023-01-31,4076.60009765625,3.52
776,2023-02-01,4119.2099609375,3.39
777,2023-02-02,4179.759765625,3.4
778,2023-02-03,4136.47998046875,3.53
779,2023-02-06,4111.080078125,3.63
780,2023-02-07,4164.0,3.67
781,2023-02-08,4117.85986328125,3.63
782,2023-02-09,4081.5,3.67
783,2023-02-10,4090.4599609375,3.74
784,2023-02-13,4137.2900390625,3.72
785,2023-02-14,4136.1298828125,3.77
786,2023-02-15,4147.60009765625,3.81
787,2023-02-16,4090.409912109375,3.86
788,2023-02-17,4079.090087890625,3.82
789,2023-02-21,3997.340087890625,3.95
790,2023-02-22,3991.050048828125,3.93
791,2023-02-23,4012.320068359375,3.88
792,2023-02-24,3970.0400390625,3.95
793,2023-02-27,3982.239990234375,3.92
794,2023-02-28,3970.14990234375,3.92
795,2023-03-01,3951.389892578125,4.01
796,2023-03-02,3981.35009765625,4.08
797,2023-03-03,4045.639892578125,3.97
798,2023-03-06,4048.419921875,3.98
799,2023-03-07,3986.3701171875,3.97
800,2023-03-08,3992.010009765625,3.98
801,2023-03-09,3918.320068359375,3.93
802,2023-03-10,3861.590087890625,3.7
803,2023-03-13,3855.760009765625,3.55
804,2023-03-14,3919.2900390625,3.64
805,2023-03-15,3891.929931640625,3.51
806,2023-03-16,3960.280029296875,3.56
807,2023-03-17,3916.639892578125,3.39
808,2023-03-20,3951.570068359375,3.47
809,2023-03-21,4002.8701171875,3.59
810,2023-03-22,3936.969970703125,3.48
811,2023-03-23,3948.719970703125,3.38
812,2023-03-24,3970.989990234375,3.38
813,2023-03-27,3977.530029296875,3.53
814,2023-03-28,3971.27001953125,3.55
815,2023-03-29,4027.81005859375,3.57
816,2023-03-30,4050.830078125,3.55
817,2023-03-31,4109.31005859375,3.48
818,2023-04-03,4124.509765625,3.43
819,2023-04-04,4100.60009765625,3.35
820,2023-04-05,4090.3798828125,3.3
821,2023-04-06,4105.02001953125,3.3
822,2023-04-10,4109.10986328125,3.41
823,2023-04-11,4108.93994140625,3.43
824,2023-04-12,4091.949951171875,3.41
825,2023-04-13,4146.22021484375,3.45
826,2023-04-14,4137.64013671875,3.52
827,2023-04-17,4151.31982421875,3.6
828,2023-04-18,4154.8701171875,3.58
829,2023-04-19,4154.52001953125,3.6
830,2023-04-20,4129.7900390625,3.54
831,2023-04-21,4133.52001953125,3.57
832,2023-04-24,4137.0400390625,3.52
833,2023-04-25,4071.6298828125,3.4
834,2023-04-26,4055.989990234375,3.43
835,2023-04-27,4135.35009765625,3.53
836,2023-04-28,4169.47998046875,3.44
837,2023-05-01,4167.8701171875,3.59
838,2023-05-02,4119.580078125,3.44
839,2023-05-03,4090.75,3.38
840,2023-05-04,4061.219970703125,3.37
841,2023-05-05,4136.25,3.44
842,2023-05-08,4138.1201171875,3.52
843,2023-05-09,4119.169921875,3.53
844,2023-05-10,4137.64013671875,3.43
845,2023-05-11,4130.6201171875,3.39
846,2023-05-12,4124.080078125,3.46
847,2023-05-15,4136.27978515625,3.5
848,2023-05-16,4109.89990234375,3.54
849,2023-05-17,4158.77001953125,3.57
850,2023-05-18,4198.0498046875,3.65
851,2023-05-19,4191.97998046875,3.7
852,2023-05-22,4192.6298828125,3.72
853,2023-05-23,4145.580078125,3.7
854,2023-05-24,4115.240234375,3.73
855,2023-05-25,4151.27978515625,3.83
856,2023-05-26,4205.4501953125,3.8
857,2023-05-30,4205.52001953125,3.69
858,2023-05-31,4179.830078125,3.64
859,2023-06-01,4221.02001953125,3.61
860,2023-06-02,4282.3701171875,3.69
861,2023-06-05,4273.7900390625,3.69
862,2023-06-06,4283.85009765625,3.7
863,2023-06-07,4267.52001953125,3.79
864,2023-06-08,4293.93017578125,3.73
865,2023-06-09,4298.85986328125,3.75
866,2023-06-12,4338.93017578125,3.73
867,2023-06-13,4369.009765625,3.84
868,2023-06-14,4372.58984375,3.83
869,2023-06-15,4425.83984375,3.72
870,2023-06-16,4409.58984375,3.77
871,2023-06-20,4388.7099609375,3.74
872,2023-06-21,4365.68994140625,3.72
873,2023-06-22,4381.89013671875,3.8
874,2023-06-23,4348.330078125,3.74
875,2023-06-26,4328.81982421875,3.72
876,2023-06-27,4378.41015625,3.77
877,2023-06-28,4376.85986328125,3.71
878,2023-06-29,4396.43994140625,3.85
879,2023-06-30,4450.3798828125,3.81
880,2023-07-03,4455.58984375,3.86
881,2023-07-05,4446.81982421875,3.95
882,2023-07-06,4411.58984375,4.05
883,2023-07-07,4398.9501953125,4.06
884,2023-07-10,4409.52978515625,4.01
885,2023-07-11,4439.259765625,3.99
886,2023-07-12,4472.16015625,3.86
887,2023-07-13,4510.0400390625,3.76
888,2023-07-14,4505.419921875,3.83
889,2023-07-17,4522.7900390625,3.81
890,2023-07-18,4554.97998046875,3.8
891,2023-07-19,4565.72021484375,3.75
892,2023-07-20,4534.8701171875,3.85
893,2023-07-21,4536.33984375,3.84
894,2023-07-24,4554.64013671875,3.86
895,2023-07-25,4567.4599609375,3.91
896,2023-07-26,4566.75,3.86
897,2023-07-27,4537.41015625,4.01
898,2023-07-28,4582.22998046875,3.96
899,2023-07-31,4588.9599609375,3.97
900,2023-08-01,4576.72998046875,4.05
901,2023-08-02,4513.39013671875,4.08
902,2023-08-03,4501.89013671875,4.2
903,2023-08-04,4478.02978515625,4.05
904,2023-08-07,4518.43994140625,4.09
905,2023-08-08,4499.3798828125,4.02
906,2023-08-09,4467.7099609375,4.0
907,2023-08-10,4468.830078125,4.09
908,2023-08-11,4464.0498046875,4.16
909,2023-08-14,4489.72021484375,4.19
910,2023-08-15,4437.85986328125,4.21
911,2023-08-16,4404.330078125,4.28
912,2023-08-17,4370.35986328125,4.3
913,2023-08-18,4369.7099609375,4.26
914,2023-08-21,4399.77001953125,4.34
915,2023-08-22,4387.5498046875,4.34
916,2023-08-23,4436.009765625,4.19
917,2023-08-24,4376.31005859375,4.23
918,2023-08-25,4405.7099609375,4.25
919,2023-08-28,4433.31005859375,4.2
920,2023-08-29,4497.6298828125,4.12
921,2023-08-30,4514.8701171875,4.12
922,2023-08-31,4507.66015625,4.09
923,2023-09-01,4515.77001953125,4.18
924,2023-09-05,4496.830078125,4.27
925,2023-09-06,4465.47998046875,4.3
926,2023-09-07,4451.14013671875,4.27
927,2023-09-08,4457.490234375,4.26
928,2023-09-11,4487.4599609375,4.29
929,2023-09-12,4461.89990234375,4.27
930,2023-09-13,4467.43994140625,4.25
931,2023-09-14,4505.10009765625,4.29
932,2023-09-15,4450.31982421875,4.33
933,2023-09-18,4453.52978515625,4.32
934,2023-09-19,4443.9501953125,4.37
935,2023-09-20,4402.2001953125,4.35
936,2023-09-21,4330.0,4.49
937,2023-09-22,4320.06005859375,4.44
938,2023-09-25,4337.43994140625,4.55
939,2023-09-26,4273.52978515625,4.56
940,2023-09-27,4274.509765625,4.61
941,2023-09-28,4299.7001953125,4.59
942,2023-09-29,4288.0498046875,4.59
943,2023-10-02,4288.39013671875,4.69
944,2023-10-03,4229.4501953125,4.81
945,2023-10-04,4263.75,4.73
946,2023-10-05,4258.18994140625,4.72
947,2023-10-06,4308.5,4.78
948,2023-10-09,4335.66015625,
949,2023-10-10,4358.240234375,4.66
950,2023-10-11,4376.9501953125,4.58
951,2023-10-12,4349.60986328125,4.7
952,2023-10-13,4327.77978515625,4.63
953,2023-10-16,4373.6298828125,4.71
954,2023-10-17,4373.2001953125,4.83
955,2023-10-18,4314.60009765625,4.91
956,2023-10-19,4278.0,4.98
957,2023-10-20,4224.16015625,4.93
958,2023-10-23,4217.0400390625,4.86
959,2023-10-24,4247.68017578125,4.83
960,2023-10-25,4186.77001953125,4.95
961,2023-10-26,4137.22998046875,4.86
962,2023-10-27,4117.3701171875,4.84
963,2023-10-30,4166.81982421875,4.88
964,2023-10-31,4193.7998046875,4.88
965,2023-11-01,4237.85986328125,4.77
966,2023-11-02,4317.77978515625,4.67
967,2023-11-03,4358.33984375,4.57
968,2023-11-06,4365.97998046875,4.67
969,2023-11-07,4378.3798828125,4.58
970,2023-11-08,4382.77978515625,4.49
971,2023-11-09,4347.35009765625,4.62
972,2023-11-10,4415.240234375,4.61
973,2023-11-13,4411.5498046875,4.63
974,2023-11-14,4495.7001953125,4.44
975,2023-11-15,4502.8798828125,4.53
976,2023-11-16,4508.240234375,4.45
977,2023-11-17,4514.02001953125,4.44
978,2023-11-20,4547.3798828125,4.42
979,2023-11-21,4538.18994140625,4.41
980,2023-11-22,4556.6201171875,4.42
981,2023-11-24,4559.33984375,4.47
982,2023-11-27,4550.43017578125,4.39
983,2023-11-28,4554.89013671875,4.34
984,2023-11-29,4550.580078125,4.27
985,2023-11-30,4567.7998046875,4.37
986,2023-12-01,4594.6298828125,4.22
987,2023-12-04,4569.77978515625,4.28
988,2023-12-05,4567.18017578125,4.18
989,2023-12-06,4549.33984375,4.12
990,2023-12-07,4585.58984375,4.14
991,2023-12-08,4604.3701171875,4.23
992,2023-12-11,4622.43994140625,4.23
993,2023-12-12,4643.7001953125,4.2
994,2023-12-13,4707.08984375,4.04
995,2023-12-14,4719.5498046875,3.92
996,2023-12-15,4719.18994140625,3.91
997,2023-12-18,4740.56005859375,3.95
998,2023-12-19,4768.3701171875,3.93
999,2023-12-20,4698.35009765625,3.86
1000,2023-12-21,4746.75,3.89
1001,2023-12-22,4754.6298828125,3.9
1002,2023-12-26,4774.75,3.89
1003,2023-12-27,4781.580078125,3.79
1004,2023-12-28,4783.35009765625,3.84
1005,2023-12-29,4769.830078125,3.88
1006,2024-01-02,4742.830078125,3.95
1007,2024-01-03,4704.81005859375,3.91
1008,2024-01-04,4688.68017578125,3.99
1009,2024-01-05,4697.240234375,4.05
1010,2024-01-08,4763.5400390625,4.01
1011,2024-01-09,4756.5,4.02
1012,2024-01-10,4783.4501953125,4.04
1013,2024-01-11,4780.240234375,3.98
1014,2024-01-12,4783.830078125,3.96
1015,2024-01-16,4765.97998046875,4.07
1016,2024-01-17,4739.2099609375,4.1
1017,2024-01-18,4780.93994140625,4.14
1018,2024-01-19,4839.81005859375,4.15
1019,2024-01-22,4850.43017578125,4.11
1020,2024-01-23,4864.60009765625,4.14
1021,2024-01-24,4868.5498046875,4.18
1022,2024-01-25,4894.16015625,4.14
1023,2024-01-26,4890.97021484375,4.15
1024,2024-01-29,4927.93017578125,4.08
1025,2024-01-30,4924.97021484375,4.06
1026,2024-01-31,4845.64990234375,3.99
1027,2024-02-01,4906.18994140625,3.87
1028,2024-02-02,4958.60986328125,4.03
1029,2024-02-05,4942.81005859375,4.17
1030,2024-02-06,4954.22998046875,4.09
1031,2024-02-07,4995.06005859375,4.09
1032,2024-02-08,4997.91015625,4.15
1033,2024-02-09,5026.60986328125,4.17
1034,2024-02-12,5021.83984375,4.17
1035,2024-02-13,4953.169921875,4.31
1036,2024-02-14,5000.6201171875,4.27
1037,2024-02-15,5029.72998046875,4.24
1038,2024-02-16,5005.56982421875,4.3
1039,2024-02-20,4975.509765625,4.27
1040,2024-02-21,4981.7998046875,4.32
1041,2024-02-22,5087.02978515625,4.33
1042,2024-02-23,5088.7998046875,4.26
1043,2024-02-26,5069.52978515625,4.28
1044,2024-02-27,5078.18017578125,4.31
1045,2024-02-28,5069.759765625,4.27
1046,2024-02-29,5096.27001953125,4.25
1047,2024-03-01,5137.080078125,4.19
1048,2024-03-04,5130.9501953125,4.22
1049,2024-03-05,5078.64990234375,4.13
1050,2024-03-06,5104.759765625,4.11
1051,2024-03-07,5157.35986328125,4.09
1052,2024-03-08,5123.68994140625,4.09
1053,2024-03-11,5117.93994140625,4.1
1054,2024-03-12,5175.27001953125,4.16
1055,2024-03-13,5165.31005859375,4.19
1056,2024-03-14,5150.47998046875,4.29
1057,2024-03-15,5117.08984375,4.31
1058,2024-03-18,5149.419921875,4.34
1059,2024-03-19,5178.509765625,4.3
1060,2024-03-20,5224.6201171875,4.27
1061,2024-03-21,5241.52978515625,4.27
1062,2024-03-22,5234.18017578125,4.22
1063,2024-03-25,5218.18994140625,4.25
1064,2024-03-26,5203.580078125,4.24
1065,2024-03-27,5248.490234375,4.2
1066,2024-03-28,5254.35009765625,4.2
1067,2024-04-01,5243.77001953125,4.33
1068,2024-04-02,5205.81005859375,4.36
1069,2024-04-03,5211.490234375,4.36
1070,2024-04-04,5147.2099609375,4.31
1071,2024-04-05,5204.33984375,4.39
1072,2024-04-08,5202.39013671875,4.42
1073,2024-04-09,5209.91015625,4.36
1074,2024-04-10,5160.64013671875,4.55
1075,2024-04-11,5199.06005859375,4.56
1076,2024-04-12,5123.41015625,4.5
1077,2024-04-15,5061.81982421875,4.63
1078,2024-04-16,5051.41015625,4.67
1079,2024-04-17,5022.2099609375,4.59
1080,2024-04-18,5011.1201171875,4.64
1081,2024-04-19,4967.22998046875,4.62
1082,2024-04-22,5010.60009765625,4.62
1083,2024-04-23,5070.5498046875,4.61
1084,2024-04-24,5071.6298828125,4.65
1085,2024-04-25,5048.419921875,4.7
1086,2024-04-26,5099.9599609375,4.67
1087,2024-04-29,5116.169921875,4.63
1088,2024-04-30,5035.68994140625,4.69
1089,2024-05-01,5018.39013671875,4.63
1090,2024-05-02,5064.2001953125,4.58
1091,2024-05-03,5127.7900390625,4.5
1092,2024-05-06,5180.740234375,4.49
1093,2024-05-07,5187.7001953125,4.47
1094,2024-05-08,5187.669921875,4.48
1095,2024-05-09,5214.080078125,4.45
1096,2024-05-10,5222.68017578125,4.5
1097,2024-05-13,5221.419921875,4.48
1098,2024-05-14,5246.68017578125,4.45
1099,2024-05-15,5308.14990234375,4.36
1100,2024-05-16,5297.10009765625,4.38
1101,2024-05-17,5303.27001953125,4.42
1102,2024-05-20,5308.1298828125,4.44
1103,2024-05-21,5321.41015625,4.41
1104,2024-05-22,5307.009765625,4.43
1105,2024-05-23,5267.83984375,4.47
1106,2024-05-24,5304.72021484375,4.46
1107,2024-05-28,5306.0400390625,4.54
1108,2024-05-29,5266.9501953125,4.61
1109,2024-05-30,5235.47998046875,4.55
1110,2024-05-31,5277.509765625,4.51
1111,2024-06-03,5283.39990234375,4.41
1112,2024-06-04,5291.33984375,4.33
1113,2024-06-05,5354.02978515625,4.29
1114,2024-06-06,5352.9599609375,4.28
1115,2024-06-07,5346.990234375,4.43
1116,2024-06-10,5360.7900390625,4.47
1117,2024-06-11,5375.31982421875,4.39
1118,2024-06-12,5421.02978515625,4.31
1119,2024-06-13,5433.740234375,4.24
1120,2024-06-14,5431.60009765625,4.2
1121,2024-06-17,5473.22998046875,4.28
1122,2024-06-18,5487.02978515625,4.22
1123,2024-06-20,5473.169921875,4.25
1124,2024-06-21,5464.6201171875,4.25
1125,2024-06-24,5447.8701171875,4.25
1126,2024-06-25,5469.2998046875,4.23
1127,2024-06-26,5477.89990234375,4.32
1128,2024-06-27,5482.8701171875,4.29
1129,2024-06-28,5460.47998046875,4.36
1130,2024-07-01,5475.08984375,4.48
1131,2024-07-02,5509.009765625,4.43
1132,2024-07-03,5537.02001953125,4.36
1133,2024-07-05,5567.18994140625,4.28
1134,2024-07-08,5572.85009765625,4.28
1135,2024-07-09,5576.97998046875,4.3
1136,2024-07-10,5633.91015625,4.28
1137,2024-07-11,5584.5400390625,4.2
1138,2024-07-12,5615.35009765625,4.18
1139,2024-07-15,5631.22021484375,4.23
1140,2024-07-16,5667.2001953125,4.17
1141,2024-07-17,5588.27001953125,4.16
1142,2024-07-18,5544.58984375,4.2
1143,2024-07-19,5505.0,4.25
1144,2024-07-22,5564.41015625,4.26
1145,2024-07-23,5555.740234375,4.25
1146,2024-07-24,5427.1298828125,4.28
1147,2024-07-25,5399.22021484375,4.27
1148,2024-07-26,5459.10009765625,4.2
1149,2024-07-29,5463.5400390625,4.17
1150,2024-07-30,5436.43994140625,4.15
1151,2024-07-31,5522.2998046875,4.09
1152,2024-08-01,5446.68017578125,3.99
1153,2024-08-02,5346.56005859375,3.8
1154,2024-08-05,5186.330078125,3.78
1155,2024-08-06,5240.02978515625,3.9
1156,2024-08-07,5199.5,3.96
1157,2024-08-08,5319.31005859375,3.99
1158,2024-08-09,5344.16015625,3.94
1159,2024-08-12,5344.39013671875,3.9
1160,2024-08-13,5434.43017578125,3.85
1161,2024-08-14,5455.2099609375,3.83
1162,2024-08-15,5543.22021484375,3.92
1163,2024-08-16,5554.25,3.89
1164,2024-08-19,5608.25,3.86
1165,2024-08-20,5597.1201171875,3.82
1166,2024-08-21,5620.85009765625,3.79
1167,2024-08-22,5570.64013671875,3.86
1168,2024-08-23,5634.60986328125,3.81
1169,2024-08-26,5616.83984375,3.82
1170,2024-08-27,5625.7998046875,3.83
1171,2024-08-28,5592.18017578125,3.84
1172,2024-08-29,5591.9599609375,3.87
1173,2024-08-30,5648.39990234375,3.91
1174,2024-09-03,5528.93017578125,3.84
1175,2024-09-04,5520.06982421875,3.77
1176,2024-09-05,5503.41015625,3.73
1177,2024-09-06,5408.419921875,3.72
1178,2024-09-09,5471.0498046875,3.7
1179,2024-09-10,5495.52001953125,3.65
1180,2024-09-11,5554.1298828125,3.65
1181,2024-09-12,5595.759765625,3.68
1182,2024-09-13,5626.02001953125,3.66
1183,2024-09-16,5633.08984375,3.63
1184,2024-09-17,5634.580078125,3.65
1185,2024-09-18,5618.259765625,3.7
1186,2024-09-19,5713.64013671875,3.73
1187,2024-09-20,5702.5498046875,3.73
1188,2024-09-23,5718.56982421875,3.75
1189,2024-09-24,5732.93017578125,3.74
1190,2024-09-25,5722.259765625,3.79
1191,2024-09-26,5745.3701171875,3.79
1192,2024-09-27,5738.169921875,3.75
1193,2024-09-30,5762.47998046875,3.81
1194,2024-10-01,5708.75,3.74
1195,2024-10-02,5709.5400390625,3.79
1196,2024-10-03,5699.93994140625,3.85
1197,2024-10-04,5751.06982421875,3.98
1198,2024-10-07,5695.93994140625,4.03
1199,2024-10-08,5751.1298828125,4.04
1200,2024-10-09,5792.0400390625,4.06
1201,2024-10-10,5780.0498046875,4.09
1202,2024-10-11,5815.02978515625,4.08
1203,2024-10-14,5859.85009765625,
1204,2024-10-15,5815.259765625,4.03
1205,2024-10-16,5842.47021484375,4.02
1206,2024-10-17,5841.47021484375,4.09
1207,2024-10-18,5864.669921875,4.08
1208,2024-10-21,5853.97998046875,4.19
1209,2024-10-22,5851.2001953125,4.2
1210,2024-10-23,5797.419921875,4.24
1211,2024-10-24,5809.85986328125,4.21
1212,2024-10-25,5808.1201171875,4.25
1213,2024-10-28,5823.52001953125,4.28
1214,2024-10-29,5832.919921875,4.28
1215,2024-10-30,5813.669921875,4.29
1216,2024-10-31,5705.4501953125,4.28
1217,2024-11-01,5728.7998046875,4.37
1218,2024-11-04,5712.68994140625,4.31
1219,2024-11-05,5782.759765625,4.26
1220,2024-11-06,5929.0400390625,4.42
1221,2024-11-07,5973.10009765625,4.31
1222,2024-11-08,5995.5400390625,4.3
1223,2024-11-11,6001.35009765625,
1224,2024-11-12,5983.990234375,4.43
1225,2024-11-13,5985.3798828125,4.44
1226,2024-11-14,5949.169921875,4.43
1227,2024-11-15,5870.6201171875,4.43
1228,2024-11-18,5893.6201171875,4.42
1229,2024-11-19,5916.97998046875,4.39
1230,2024-11-20,5917.10986328125,4.41
1231,2024-11-21,5948.7099609375,4.43
1232,2024-11-22,5969.33984375,4.41
1233,2024-11-25,5987.3701171875,4.27
1234,2024-11-26,6021.6298828125,4.3
1235,2024-11-27,5998.740234375,4.25
1236,2024-11-29,6032.3798828125,4.18
1237,2024-12-02,6047.14990234375,4.19
1238,2024-12-03,6049.8798828125,4.23
1239,2024-12-04,6086.490234375,4.19
1240,2024-12-05,6075.10986328125,4.17
1241,2024-12-06,6090.27001953125,4.15
1242,2024-12-09,6052.85009765625,4.2
1243,2024-12-10,6034.91015625,4.22
1244,2024-12-11,6084.18994140625,4.26
1245,2024-12-12,6051.25,4.32
1246,2024-12-13,6051.08984375,4.4
1247,2024-12-16,6074.080078125,4.39
1248,2024-12-17,6050.60986328125,4.4
1249,2024-12-18,5872.16015625,4.5
1250,2024-12-19,5867.080078125,4.57
1251,2024-12-20,5930.85009765625,4.52
1252,2024-12-23,5974.06982421875,4.59
1253,2024-12-24,6040.0400390625,4.59
1254,2024-12-26,6037.58984375,4.58
1255,2024-12-27,5970.83984375,4.62
1256,2024-12-30,5906.93994140625,4.55
1257,2024-12-31,5881.6298828125,4.58
1258,2025-01-02,5868.5498046875,4.57
1259,2025-01-03,5942.47021484375,4.6
1260,2025-01-06,5975.3798828125,4.62
1261,2025-01-07,5909.02978515625,4.67
1262,2025-01-08,5918.25,4.67
1263,2025-01-10,5827.0400390625,4.77
1264,2025-01-13,5836.22021484375,4.79
1265,2025-01-14,5842.91015625,4.78
1266,2025-01-15,5949.91015625,4.66
1267,2025-01-16,5937.33984375,4.61
1268,2025-01-17,5996.66015625,4.61
1269,2025-01-21,6049.240234375,4.57
1270,2025-01-22,6086.3701171875,4.6
1271,2025-01-23,6118.7099609375,4.65
1272,2025-01-24,6101.240234375,4.63
1273,2025-01-27,6012.27978515625,4.53
1274,2025-01-28,6067.7001953125,4.55
1275,2025-01-29,6039.31005859375,4.55
1276,2025-01-30,6071.169921875,4.52
1277,2025-01-31,6040.52978515625,4.58
1278,2025-02-03,5994.56982421875,4.54
1279,2025-02-04,6037.8798828125,4.52
1280,2025-02-05,6061.47998046875,4.43
1281,2025-02-06,6083.56982421875,4.45
1282,2025-02-07,6025.990234375,4.49
1283,2025-02-10,6066.43994140625,4.51
1284,2025-02-11,6068.5,4.54
1285,2025-02-12,6051.97021484375,4.62
1286,2025-02-13,6115.06982421875,4.52
1287,2025-02-14,6114.6298828125,4.47
1288,2025-02-18,6129.580078125,4.55
1289,2025-02-19,6144.14990234375,4.53
1290,2025-02-20,6117.52001953125,4.5
1291,2025-02-21,6013.1298828125,4.42
1292,2025-02-24,5983.25,4.4
1293,2025-02-25,5955.25,4.3
1294,2025-02-26,5956.06005859375,4.25
1295,2025-02-27,5861.56982421875,4.29
1296,2025-02-28,5954.5,4.24
1297,2025-03-03,5849.72021484375,4.16
1298,2025-03-04,5778.14990234375,4.22
1299,2025-03-05,5842.6298828125,4.28
1300,2025-03-06,5738.52001953125,4.29
1301,2025-03-07,5770.2001953125,4.32
1302,2025-03-10,5614.56005859375,4.22
1303,2025-03-11,5572.06982421875,4.28
1304,2025-03-12,5599.2998046875,4.32
1305,2025-03-13,5521.52001953125,4.27
1306,2025-03-14,5638.93994140625,4.31
1307,2025-03-17,5675.1201171875,4.31
1308,2025-03-18,5614.66015625,4.29
1309,2025-03-19,5675.2900390625,4.25
1310,2025-03-20,5662.89013671875,4.24
1311,2025-03-21,5667.56005859375,4.25
1312,2025-03-24,5767.56982421875,4.34
1313,2025-03-25,5776.64990234375,4.31
1314,2025-03-26,5712.2001953125,4.35
1315,2025-03-27,5693.31005859375,4.38
1316,2025-03-28,5580.93994140625,4.27
1317,2025-03-31,5611.85009765625,4.23
1318,2025-04-01,5633.06982421875,4.17
1319,2025-04-02,5670.97021484375,4.2
1320,2025-04-03,5396.52001953125,4.06
1321,2025-04-04,5074.080078125,4.01
1322,2025-04-07,5062.25,4.15
1323,2025-04-08,4982.77001953125,4.26
1324,2025-04-09,5456.89990234375,4.34
1325,2025-04-10,5268.0498046875,4.4
1326,2025-04-11,5363.35986328125,4.48
1327,2025-04-14,5405.97021484375,4.38
1328,2025-04-15,5396.6298828125,4.35
1329,2025-04-16,5275.7001953125,4.29
1330,2025-04-17,5282.7001953125,4.34
1331,2025-04-21,5158.2001953125,4.42
1332,2025-04-22,5287.759765625,4.41
1333,2025-04-23,5375.85986328125,4.4
1334,2025-04-24,5484.77001953125,4.32
1335,2025-04-25,5525.2099609375,4.29
1336,2025-04-28,5528.75,4.23
1337,2025-04-29,5560.830078125,4.19
1338,2025-04-30,5569.06005859375,4.17
1339,2025-05-01,5604.14013671875,4.25
1340,2025-05-02,5686.669921875,4.33
1341,2025-05-05,5650.3798828125,4.36
1342,2025-05-06,5606.91015625,4.3
1343,2025-05-07,5631.27978515625,4.26
1344,2025-05-08,5663.93994140625,4.37
1345,2025-05-09,5659.91015625,4.37
1346,2025-05-12,5844.18994140625,4.45
1347,2025-05-13,5886.5498046875,4.49
1348,2025-05-14,5892.580078125,4.53
1349,2025-05-15,5916.93017578125,4.45
1350,2025-05-16,5958.3798828125,4.43
1351,2025-05-19,5963.60009765625,4.46
1352,2025-05-20,5940.4599609375,4.48
1353,2025-05-21,5844.60986328125,4.58
1354,2025-05-22,5842.009765625,4.54
1355,2025-05-23,5802.81982421875,4.51
1356,2025-05-27,5921.5400390625,4.43
1357,2025-05-28,5888.5498046875,4.47
1358,2025-05-29,5912.169921875,4.43
1359,2025-05-30,5911.68994140625,4.41
1360,2025-06-02,5935.93994140625,4.46
1361,2025-06-03,5970.3701171875,4.46
1362,2025-06-04,5970.81005859375,4.37
1363,2025-06-05,5939.2998046875,4.4
1364,2025-06-06,6000.35986328125,4.51
1365,2025-06-09,6005.8798828125,4.49
1366,2025-06-10,6038.81005859375,4.47
1367,2025-06-11,6022.240234375,4.41
1368,2025-06-12,6045.259765625,4.36
1369,2025-06-13,5976.97021484375,4.41
1370,2025-06-16,6033.10986328125,4.46
1371,2025-06-17,5982.72021484375,4.39
1372,2025-06-18,5980.8701171875,4.38
1373,2025-06-20,5967.83984375,4.38
1374,2025-06-23,6025.169921875,4.34
1375,2025-06-24,6092.18017578125,4.3
1376,2025-06-25,6092.16015625,4.29
1377,2025-06-26,6141.02001953125,4.26
1378,2025-06-27,6173.06982421875,4.29
1379,2025-06-30,6204.9501953125,4.24
1380,2025-07-01,6198.009765625,4.26
1381,2025-07-02,6227.419921875,4.3
1382,2025-07-03,6279.35009765625,4.35
1383,2025-07-07,6229.97998046875,4.4
1384,2025-07-08,6225.52001953125,4.42
1385,2025-07-09,6263.259765625,4.34
1386,2025-07-10,6280.4599609375,4.35
1387,2025-07-11,6259.75,4.43
1388,2025-07-14,6268.56005859375,4.43
1389,2025-07-15,6243.759765625,4.5
1390,2025-07-16,6263.7001953125,4.46
1391,2025-07-17,6297.35986328125,4.47
1392,2025-07-18,6296.7900390625,4.44
1393,2025-07-21,6305.60009765625,4.38
1394,2025-07-22,6309.6201171875,4.35
1395,2025-07-23,6358.91015625,4.4
1396,2025-07-24,6363.35009765625,4.43
1397,2025-07-25,6388.64013671875,4.4
1398,2025-07-28,6389.77001953125,4.42
1399,2025-07-29,6370.85986328125,4.34
1400,2025-07-30,6362.89990234375,4.38
1401,2025-07-31,6339.39013671875,4.37
1402,2025-08-01,6238.009765625,4.23
1403,2025-08-04,6329.93994140625,4.22
1404,2025-08-05,6299.18994140625,4.22
1405,2025-08-06,6345.06005859375,4.22
1406,2025-08-07,6340.0,4.23
1407,2025-08-08,6389.4501953125,4.27
1408,2025-08-11,6373.4501953125,4.27
1409,2025-08-12,6445.759765625,4.29
1410,2025-08-13,6466.580078125,4.24
1411,2025-08-14,6468.5400390625,4.29
1412,2025-08-15,6449.7998046875,4.33
1413,2025-08-18,6449.14990234375,4.34
1414,2025-08-19,6411.3701171875,4.3
1415,2025-08-20,6395.77978515625,4.29
1416,2025-08-21,6370.169921875,4.33
1417,2025-08-22,6466.91015625,4.26
1418,2025-08-25,6439.31982421875,4.28
1419,2025-08-26,6465.93994140625,4.26
1420,2025-08-27,6481.39990234375,4.24
1421,2025-08-28,6501.85986328125,4.22
1422,2025-08-29,6460.259765625,4.23
1423,2025-09-02,6415.5400390625,4.28
1424,2025-09-03,6448.259765625,4.22
1425,2025-09-04,6502.080078125,4.17
1426,2025-09-05,6481.5,4.1
1427,2025-09-08,6495.14990234375,4.05
1428,2025-09-09,6512.60986328125,4.08
1429,2025-09-10,6532.0400390625,4.04
1430,2025-09-11,6587.47021484375,4.01
1431,2025-09-12,6584.2900390625,4.06
1432,2025-09-15,6615.27978515625,4.05
1433,2025-09-16,6606.759765625,4.04
1434,2025-09-17,6600.35009765625,4.06
1435,2025-09-18,6631.9599609375,4.11
1436,2025-09-19,6664.35986328125,4.14
1437,2025-09-22,6693.75,4.15
1438,2025-09-23,6656.919921875,4.12
1439,2025-09-24,6637.97021484375,4.16
1440,2025-09-25,6604.72021484375,4.18
1441,2025-09-26,6643.7001953125,4.2
1442,2025-09-29,6661.2099609375,4.15
1443,2025-09-30,6688.4599609375,4.16
1444,2025-10-01,6711.2001953125,4.12
1445,2025-10-02,6715.35009765625,4.1
1446,2025-10-03,6715.7900390625,4.13
1447,2025-10-06,6740.27978515625,4.18
1448,2025-10-07,6714.58984375,4.14
1449,2025-10-08,6753.72021484375,4.13
1450,2025-10-09,6735.10986328125,4.14
1451,2025-10-10,6552.509765625,4.05
1452,2025-10-13,6654.72021484375,
1453,2025-10-14,6644.31005859375,4.03
1454,2025-10-15,6671.06005859375,4.05
1455,2025-10-16,6629.06982421875,3.99
1456,2025-10-17,6664.009765625,4.02
1457,2025-10-20,6735.1298828125,4.0
1458,2025-10-21,6735.35009765625,3.98
1459,2025-10-22,6699.39990234375,3.97
1460,2025-10-23,6738.43994140625,4.01
1461,2025-10-24,6791.68994140625,4.02
1462,2025-10-27,6875.16015625,4.01
1463,2025-10-28,6890.89013671875,3.99
1464,2025-10-29,6890.58984375,4.08
1465,2025-10-30,6822.33984375,4.11
1466,2025-10-31,6840.2001953125,4.11
1467,2025-11-03,6851.97021484375,4.13
1468,2025-11-04,6771.5498046875,4.1
1469,2025-11-05,6796.2900390625,4.17
1470,2025-11-06,6720.31982421875,4.11
1471,2025-11-07,6728.7998046875,4.11
1472,2025-11-10,6832.43017578125,4.13
1473,2025-11-11,6846.60986328125,
1474,2025-11-12,6850.919921875,4.08
1475,2025-11-13,6737.490234375,4.11
1476,2025-11-14,6734.10986328125,4.14
1477,2025-11-17,6672.41015625,4.13
1478,2025-11-18,6617.31982421875,4.12
1479,2025-11-19,6642.16015625,4.13
1480,2025-11-20,6538.759765625,4.1
1481,2025-11-21,6602.990234375,4.06
1482,2025-11-24,6705.1201171875,4.04
1483,2025-11-25,6765.8798828125,4.01
1484,2025-11-26,6812.60986328125,4.0
1485,2025-11-28,6849.08984375,4.02
1486,2025-12-01,6812.6298828125,4.09
1487,2025-12-02,6829.3701171875,4.09
1488,2025-12-03,6849.72021484375,4.06
1489,2025-12-04,6857.1201171875,4.11
1490,2025-12-05,6870.39990234375,4.14
1491,2025-12-08,6846.509765625,4.17
1492,2025-12-09,6840.509765625,4.18
1493,2025-12-10,6886.68017578125,4.13
1494,2025-12-11,6901.0,4.14
1495,2025-12-12,6827.41015625,4.19
1496,2025-12-15,6816.509765625,4.18
1497,2025-12-16,6800.259765625,4.15
1498,2025-12-17,6721.43017578125,4.16
1499,2025-12-18,6774.759765625,4.12
1500,2025-12-19,6834.5,4.16
1501,2025-12-22,6878.490234375,4.17
1502,2025-12-23,6909.7900390625,4.18
1503,2025-12-24,6932.0498046875,4.15
1504,2025-12-26,6929.93994140625,4.14
1505,2025-12-29,6905.740234375,4.12
1506,2025-12-30,6896.240234375,4.14
1507,2025-12-31,6845.5,4.18
